1,1,1234,1,,2023-03-22T17:51:43.000000Z,,,
2,1,12345,1,,2023-03-22T17:52:43.000000Z,,,
3,1,123456,0,,2023-03-22T17:02:45.000000Z,,,
4,1,12,1,,2023-03-22T17:50:38.000000Z,,,
5,1,kejg7hDP,,2023-03-21T16:25:55.000000Z,2023-03-21T16:25:55.000000Z,,,
6,1,VP4uvWNE,,2023-03-21T16:25:55.000000Z,2023-03-21T16:25:55.000000Z,,,
7,1,ofO22LPx,,2023-03-21T16:25:55.000000Z,2023-03-21T16:25:55.000000Z,,,
8,1,FOaU9NBn,,2023-03-21T16:25:55.000000Z,2023-03-21T16:25:55.000000Z,,,
9,1,Vh1ORrSj,,2023-03-21T16:25:55.000000Z,2023-03-21T16:25:55.000000Z,,,
10,1,8onMGo7b,,2023-03-21T16:25:55.000000Z,2023-03-21T16:25:55.000000Z,,,
11,1,P5EovLq4,,2023-03-21T16:25:55.000000Z,2023-03-21T16:25:55.000000Z,,,
12,1,h1KwKQIF,,2023-03-21T16:25:55.000000Z,2023-03-21T16:25:55.000000Z,,,
13,1,aCRBj51u,,2023-03-21T16:25:55.000000Z,2023-03-21T16:25:55.000000Z,,,
14,1,WIw0OCN7,,2023-03-21T16:25:55.000000Z,2023-03-21T16:25:55.000000Z,,,
20,1,0,,2023-03-22T18:06:57.000000Z,2023-03-22T18:06:57.000000Z,,,
21,1,1,,2023-03-22T18:06:57.000000Z,2023-03-22T18:06:57.000000Z,,,
22,1,2,,2023-03-22T18:06:57.000000Z,2023-03-22T18:06:57.000000Z,,,
23,1,3,,2023-03-22T18:06:57.000000Z,2023-03-22T18:06:57.000000Z,,,
24,1,4,,2023-03-22T18:06:57.000000Z,2023-03-22T18:06:57.000000Z,,,
25,1,5,,2023-03-22T18:06:57.000000Z,2023-03-22T18:06:57.000000Z,,,
26,1,6,,2023-03-22T18:06:57.000000Z,2023-03-22T18:06:57.000000Z,,,
27,1,7,,2023-03-22T18:06:57.000000Z,2023-03-22T18:06:57.000000Z,,,
28,1,8,,2023-03-22T18:06:57.000000Z,2023-03-22T18:06:57.000000Z,,,
29,1,9,,2023-03-22T18:06:57.000000Z,2023-03-22T18:06:57.000000Z,,,
30,1,10,,2023-03-22T18:06:57.000000Z,2023-03-22T18:06:57.000000Z,,,
31,1,11,,2023-03-22T18:06:57.000000Z,2023-03-22T18:06:57.000000Z,,,
33,1,13,,2023-03-22T18:08:05.000000Z,2023-03-22T18:08:05.000000Z,,,
34,1,14,,2023-03-22T18:08:05.000000Z,2023-03-22T18:08:05.000000Z,,,
35,1,15,,2023-03-22T18:08:05.000000Z,2023-03-22T18:08:05.000000Z,,,
36,1,16,,2023-03-22T18:08:05.000000Z,2023-03-22T18:08:05.000000Z,,,
37,1,17,,2023-03-22T18:08:05.000000Z,2023-03-22T18:08:05.000000Z,,,
38,1,18,,2023-03-22T18:08:05.000000Z,2023-03-22T18:08:05.000000Z,,,
39,1,19,,2023-03-22T18:08:05.000000Z,2023-03-22T18:08:05.000000Z,,,
40,1,20,,2023-03-22T18:08:06.000000Z,2023-03-22T18:08:06.000000Z,,,
41,1,21,,2023-03-22T18:08:06.000000Z,2023-03-22T18:08:06.000000Z,,,
42,1,22,,2023-03-22T18:08:06.000000Z,2023-03-22T18:08:06.000000Z,,,
43,1,23,,2023-03-22T18:08:06.000000Z,2023-03-22T18:08:06.000000Z,,,
44,1,24,,2023-03-22T18:08:06.000000Z,2023-03-22T18:08:06.000000Z,,,
45,1,25,,2023-03-22T18:08:06.000000Z,2023-03-22T18:08:06.000000Z,,,
46,1,26,,2023-03-22T18:08:06.000000Z,2023-03-22T18:08:06.000000Z,,,
47,1,27,,2023-03-22T18:08:06.000000Z,2023-03-22T18:08:06.000000Z,,,
48,1,28,,2023-03-22T18:08:06.000000Z,2023-03-22T18:08:06.000000Z,,,
49,1,29,,2023-03-22T18:08:06.000000Z,2023-03-22T18:08:06.000000Z,,,
50,1,30,,2023-03-22T18:08:06.000000Z,2023-03-22T18:08:06.000000Z,,,
51,1,31,,2023-03-22T18:08:06.000000Z,2023-03-22T18:08:06.000000Z,,,
52,1,32,,2023-03-22T18:08:06.000000Z,2023-03-22T18:08:06.000000Z,,,
53,1,33,,2023-03-22T18:08:06.000000Z,2023-03-22T18:08:06.000000Z,,,
54,1,34,,2023-03-22T18:08:06.000000Z,2023-03-22T18:08:06.000000Z,,,
55,1,35,,2023-03-22T18:08:06.000000Z,2023-03-22T18:08:06.000000Z,,,
56,1,36,,2023-03-22T18:08:06.000000Z,2023-03-22T18:08:06.000000Z,,,
57,1,37,,2023-03-22T18:08:06.000000Z,2023-03-22T18:08:06.000000Z,,,
58,1,38,,2023-03-22T18:08:06.000000Z,2023-03-22T18:08:06.000000Z,,,
59,1,39,,2023-03-22T18:08:06.000000Z,2023-03-22T18:08:06.000000Z,,,
60,1,40,,2023-03-22T18:08:06.000000Z,2023-03-22T18:08:06.000000Z,,,
61,1,41,,2023-03-22T18:08:06.000000Z,2023-03-22T18:08:06.000000Z,,,
62,1,42,,2023-03-22T18:08:06.000000Z,2023-03-22T18:08:06.000000Z,,,
63,1,43,,2023-03-22T18:08:06.000000Z,2023-03-22T18:08:06.000000Z,,,
64,1,44,,2023-03-22T18:08:06.000000Z,2023-03-22T18:08:06.000000Z,,,
65,1,45,,2023-03-22T18:08:06.000000Z,2023-03-22T18:08:06.000000Z,,,
66,1,46,,2023-03-22T18:08:06.000000Z,2023-03-22T18:08:06.000000Z,,,
67,1,47,,2023-03-22T18:08:06.000000Z,2023-03-22T18:08:06.000000Z,,,
68,1,48,,2023-03-22T18:08:06.000000Z,2023-03-22T18:08:06.000000Z,,,
69,1,49,,2023-03-22T18:08:06.000000Z,2023-03-22T18:08:06.000000Z,,,
70,1,50,,2023-03-22T18:08:06.000000Z,2023-03-22T18:08:06.000000Z,,,
71,1,51,,2023-03-22T18:08:06.000000Z,2023-03-22T18:08:06.000000Z,,,
72,1,52,,2023-03-22T18:08:06.000000Z,2023-03-22T18:08:06.000000Z,,,
73,1,53,,2023-03-22T18:08:06.000000Z,2023-03-22T18:08:06.000000Z,,,
74,1,54,,2023-03-22T18:08:06.000000Z,2023-03-22T18:08:06.000000Z,,,
75,1,55,,2023-03-22T18:08:06.000000Z,2023-03-22T18:08:06.000000Z,,,
76,1,56,,2023-03-22T18:08:06.000000Z,2023-03-22T18:08:06.000000Z,,,
77,1,57,,2023-03-22T18:08:06.000000Z,2023-03-22T18:08:06.000000Z,,,
78,1,58,,2023-03-22T18:08:06.000000Z,2023-03-22T18:08:06.000000Z,,,
79,1,59,,2023-03-22T18:08:06.000000Z,2023-03-22T18:08:06.000000Z,,,
80,1,60,,2023-03-22T18:08:06.000000Z,2023-03-22T18:08:06.000000Z,,,
81,1,61,,2023-03-22T18:08:06.000000Z,2023-03-22T18:08:06.000000Z,,,
82,1,62,,2023-03-22T18:08:06.000000Z,2023-03-22T18:08:06.000000Z,,,
83,1,63,,2023-03-22T18:08:06.000000Z,2023-03-22T18:08:06.000000Z,,,
84,1,64,,2023-03-22T18:08:06.000000Z,2023-03-22T18:08:06.000000Z,,,
85,1,65,,2023-03-22T18:08:06.000000Z,2023-03-22T18:08:06.000000Z,,,
86,1,66,,2023-03-22T18:08:06.000000Z,2023-03-22T18:08:06.000000Z,,,
87,1,67,,2023-03-22T18:08:06.000000Z,2023-03-22T18:08:06.000000Z,,,
88,1,68,,2023-03-22T18:08:06.000000Z,2023-03-22T18:08:06.000000Z,,,
89,1,69,,2023-03-22T18:08:06.000000Z,2023-03-22T18:08:06.000000Z,,,
90,1,70,,2023-03-22T18:08:06.000000Z,2023-03-22T18:08:06.000000Z,,,
91,1,71,,2023-03-22T18:08:06.000000Z,2023-03-22T18:08:06.000000Z,,,
92,1,72,,2023-03-22T18:08:06.000000Z,2023-03-22T18:08:06.000000Z,,,
93,1,73,,2023-03-22T18:08:06.000000Z,2023-03-22T18:08:06.000000Z,,,
94,1,74,,2023-03-22T18:08:06.000000Z,2023-03-22T18:08:06.000000Z,,,
95,1,75,,2023-03-22T18:08:06.000000Z,2023-03-22T18:08:06.000000Z,,,
96,1,76,,2023-03-22T18:08:06.000000Z,2023-03-22T18:08:06.000000Z,,,
97,1,77,,2023-03-22T18:08:06.000000Z,2023-03-22T18:08:06.000000Z,,,
98,1,78,,2023-03-22T18:08:06.000000Z,2023-03-22T18:08:06.000000Z,,,
99,1,79,,2023-03-22T18:08:06.000000Z,2023-03-22T18:08:06.000000Z,,,
100,1,80,,2023-03-22T18:08:06.000000Z,2023-03-22T18:08:06.000000Z,,,
101,1,81,,2023-03-22T18:08:06.000000Z,2023-03-22T18:08:06.000000Z,,,
102,1,82,,2023-03-22T18:08:06.000000Z,2023-03-22T18:08:06.000000Z,,,
103,1,83,,2023-03-22T18:08:06.000000Z,2023-03-22T18:08:06.000000Z,,,
104,1,84,,2023-03-22T18:08:06.000000Z,2023-03-22T18:08:06.000000Z,,,
105,1,85,,2023-03-22T18:08:07.000000Z,2023-03-22T18:08:07.000000Z,,,
106,1,86,,2023-03-22T18:08:07.000000Z,2023-03-22T18:08:07.000000Z,,,
107,1,87,,2023-03-22T18:08:07.000000Z,2023-03-22T18:08:07.000000Z,,,
108,1,88,,2023-03-22T18:08:07.000000Z,2023-03-22T18:08:07.000000Z,,,
109,1,89,,2023-03-22T18:08:07.000000Z,2023-03-22T18:08:07.000000Z,,,
110,1,90,,2023-03-22T18:08:07.000000Z,2023-03-22T18:08:07.000000Z,,,
111,1,91,,2023-03-22T18:08:07.000000Z,2023-03-22T18:08:07.000000Z,,,
112,1,92,,2023-03-22T18:08:07.000000Z,2023-03-22T18:08:07.000000Z,,,
113,1,93,,2023-03-22T18:08:07.000000Z,2023-03-22T18:08:07.000000Z,,,
114,1,94,,2023-03-22T18:08:07.000000Z,2023-03-22T18:08:07.000000Z,,,
115,1,95,,2023-03-22T18:08:07.000000Z,2023-03-22T18:08:07.000000Z,,,
116,1,96,,2023-03-22T18:08:07.000000Z,2023-03-22T18:08:07.000000Z,,,
117,1,97,,2023-03-22T18:08:07.000000Z,2023-03-22T18:08:07.000000Z,,,
118,1,98,,2023-03-22T18:08:07.000000Z,2023-03-22T18:08:07.000000Z,,,
119,1,99,,2023-03-22T18:08:07.000000Z,2023-03-22T18:08:07.000000Z,,,
120,1,100,,2023-03-22T18:08:07.000000Z,2023-03-22T18:08:07.000000Z,,,
121,1,101,,2023-03-22T18:08:07.000000Z,2023-03-22T18:08:07.000000Z,,,
122,1,102,,2023-03-22T18:08:07.000000Z,2023-03-22T18:08:07.000000Z,,,
123,1,103,,2023-03-22T18:08:07.000000Z,2023-03-22T18:08:07.000000Z,,,
124,1,104,,2023-03-22T18:08:07.000000Z,2023-03-22T18:08:07.000000Z,,,
125,1,105,,2023-03-22T18:08:07.000000Z,2023-03-22T18:08:07.000000Z,,,
126,1,106,,2023-03-22T18:08:07.000000Z,2023-03-22T18:08:07.000000Z,,,
127,1,107,,2023-03-22T18:08:07.000000Z,2023-03-22T18:08:07.000000Z,,,
128,1,108,,2023-03-22T18:08:07.000000Z,2023-03-22T18:08:07.000000Z,,,
129,1,109,,2023-03-22T18:08:07.000000Z,2023-03-22T18:08:07.000000Z,,,
130,1,110,,2023-03-22T18:08:07.000000Z,2023-03-22T18:08:07.000000Z,,,
131,1,111,,2023-03-22T18:08:07.000000Z,2023-03-22T18:08:07.000000Z,,,
132,1,112,,2023-03-22T18:08:07.000000Z,2023-03-22T18:08:07.000000Z,,,
133,1,123,1,2023-03-26T14:03:18.000000Z,2023-03-26T14:54:22.000000Z,,216,"2023-03-26 07:54:22"
135,1,scotchcreek,,2023-03-26T14:05:35.000000Z,2023-03-26T14:05:35.000000Z,,,
136,1,fifty,,2023-03-26T14:06:07.000000Z,2023-03-26T14:06:07.000000Z,,,
137,1,asd,,2023-03-26T14:06:57.000000Z,2023-03-26T14:06:57.000000Z,,,
138,1,asdasd,,2023-03-26T14:08:09.000000Z,2023-03-26T14:08:09.000000Z,,,
139,1,sdasdas,,2023-03-26T14:08:18.000000Z,2023-03-26T14:08:18.000000Z,,,
140,1,agfdhdf,,2023-03-26T14:08:34.000000Z,2023-03-26T14:08:34.000000Z,,,
141,1,agfhdfg,,2023-03-26T14:08:54.000000Z,2023-03-26T14:08:54.000000Z,,,
142,1,dfgdsfg,,2023-03-26T14:09:13.000000Z,2023-03-26T14:09:13.000000Z,,,
143,1,asdaasda23,,2023-03-26T14:09:32.000000Z,2023-03-26T14:09:32.000000Z,,,
144,1,lkhujgfdtrfseda,,2023-03-26T14:09:45.000000Z,2023-03-26T14:09:45.000000Z,,,
145,1,grouchy,,2023-03-26T14:10:11.000000Z,2023-03-26T14:10:11.000000Z,,,
146,1,eg54,,2023-03-26T14:11:03.000000Z,2023-03-26T14:11:03.000000Z,,,
147,1,eg5423,,2023-03-26T14:11:05.000000Z,2023-03-26T14:11:05.000000Z,,,
148,1,dfs43,,2023-03-26T14:11:31.000000Z,2023-03-26T14:11:31.000000Z,,,
149,1,asd123,,2023-03-26T14:12:12.000000Z,2023-03-26T14:12:12.000000Z,,,
150,1,123fsf,,2023-03-26T14:13:01.000000Z,2023-03-26T14:13:01.000000Z,,,
151,1,123dsdfsdf,,2023-03-26T14:21:50.000000Z,2023-03-26T14:21:50.000000Z,,,
152,1,123asda,,2023-03-26T14:22:16.000000Z,2023-03-26T14:22:16.000000Z,,,
153,1,123asdaada,,2023-03-26T14:22:18.000000Z,2023-03-26T14:22:18.000000Z,,,
154,1,123asdaadaasdasd,,2023-03-26T14:22:21.000000Z,2023-03-26T14:22:21.000000Z,,,
155,1,123sdf,,2023-03-26T14:22:39.000000Z,2023-03-26T14:22:39.000000Z,,,
156,1,123asdasdassd,,2023-03-26T14:23:23.000000Z,2023-03-26T14:23:23.000000Z,,,
157,1,123asda11,,2023-03-26T14:23:35.000000Z,2023-03-26T14:23:35.000000Z,,,
158,1,123asda11ss,,2023-03-26T14:23:38.000000Z,2023-03-26T14:23:38.000000Z,,,
159,1,123asdaadaasdasdsda,,2023-03-26T14:25:18.000000Z,2023-03-26T14:25:18.000000Z,,,
160,1,123NMMNNS,,2023-03-26T14:27:08.000000Z,2023-03-26T14:27:08.000000Z,,,
161,1,123asdas11,,2023-03-26T14:27:21.000000Z,2023-03-26T14:27:21.000000Z,,,
162,1,MEXICAN,,2023-03-26T14:27:30.000000Z,2023-03-26T14:27:30.000000Z,,,
163,1,MEXICAN5467,,2023-03-26T14:27:35.000000Z,2023-03-26T14:27:35.000000Z,,,
164,1,MEXICAN5467234,,2023-03-26T14:27:42.000000Z,2023-03-26T14:27:42.000000Z,,,
165,1,MEXICAN5467234456,,2023-03-26T14:27:46.000000Z,2023-03-26T14:27:46.000000Z,,,
166,1,MEXICAN5467234456456,,2023-03-26T14:27:48.000000Z,2023-03-26T14:27:48.000000Z,,,
167,1,ASDAAA,,2023-03-26T14:27:57.000000Z,2023-03-26T14:27:57.000000Z,,,
168,1,ABBAAA,,2023-03-26T14:28:17.000000Z,2023-03-26T14:28:17.000000Z,,,
169,1,ABBAAAwa,,2023-03-26T14:28:20.000000Z,2023-03-26T14:28:20.000000Z,,,
170,1,ABBAAAwaqwe,,2023-03-26T14:28:23.000000Z,2023-03-26T14:28:23.000000Z,,,
171,1,ABBAAAwaqweqweqwe,,2023-03-26T14:28:25.000000Z,2023-03-26T14:28:25.000000Z,,,
172,1,0jsyR1,,2023-03-26T15:58:33.000000Z,2023-03-26T15:58:33.000000Z,,,
173,1,1BY38S,,2023-03-26T15:58:33.000000Z,2023-03-26T15:58:33.000000Z,,,
174,1,2Z7kjT,,2023-03-26T15:58:33.000000Z,2023-03-26T15:58:33.000000Z,,,
175,1,35n5zL,,2023-03-26T15:58:33.000000Z,2023-03-26T15:58:33.000000Z,,,
176,1,4Puhk4,,2023-03-26T15:58:33.000000Z,2023-03-26T15:58:33.000000Z,,,
177,1,5NCGXN,,2023-03-26T15:58:33.000000Z,2023-03-26T15:58:33.000000Z,,,
178,1,62KZxl,,2023-03-26T15:58:33.000000Z,2023-03-26T15:58:33.000000Z,,,
179,1,7XaAoN,,2023-03-26T15:58:33.000000Z,2023-03-26T15:58:33.000000Z,,,
180,1,8SCC09,,2023-03-26T15:58:33.000000Z,2023-03-26T15:58:33.000000Z,,,
181,1,9TGZk1,,2023-03-26T15:58:33.000000Z,2023-03-26T15:58:33.000000Z,,,
182,1,10gjlZo,,2023-03-26T15:58:33.000000Z,2023-03-26T15:58:33.000000Z,,,
183,1,11fl1ot,,2023-03-26T15:58:33.000000Z,2023-03-26T15:58:33.000000Z,,,
184,1,12nAe3B,,2023-03-26T15:58:33.000000Z,2023-03-26T15:58:33.000000Z,,,
185,1,13M5DKg,,2023-03-26T15:58:33.000000Z,2023-03-26T15:58:33.000000Z,,,
186,1,14q8YEx,,2023-03-26T15:58:33.000000Z,2023-03-26T15:58:33.000000Z,,,
187,1,15e0GS0,,2023-03-26T15:58:33.000000Z,2023-03-26T15:58:33.000000Z,,,
188,1,16HSSKd,,2023-03-26T15:58:33.000000Z,2023-03-26T15:58:33.000000Z,,,
189,1,17WT5bz,,2023-03-26T15:58:33.000000Z,2023-03-26T15:58:33.000000Z,,,
190,1,18puS8r,,2023-03-26T15:58:33.000000Z,2023-03-26T15:58:33.000000Z,,,
191,1,19nK0ho,,2023-03-26T15:58:33.000000Z,2023-03-26T15:58:33.000000Z,,,
192,1,20CSPTL,,2023-03-26T15:58:33.000000Z,2023-03-26T15:58:33.000000Z,,,
193,1,218KxNf,,2023-03-26T15:58:33.000000Z,2023-03-26T15:58:33.000000Z,,,
194,1,22HGXCk,,2023-03-26T15:58:33.000000Z,2023-03-26T15:58:33.000000Z,,,
195,1,2322TKa,,2023-03-26T15:58:33.000000Z,2023-03-26T15:58:33.000000Z,,,
196,1,24AXscR,,2023-03-26T15:58:33.000000Z,2023-03-26T15:58:33.000000Z,,,
197,1,25dFNUA,,2023-03-26T15:58:33.000000Z,2023-03-26T15:58:33.000000Z,,,
198,1,266f0Dk,,2023-03-26T15:58:33.000000Z,2023-03-26T15:58:33.000000Z,,,
199,1,27QDLFG,,2023-03-26T15:58:33.000000Z,2023-03-26T15:58:33.000000Z,,,
200,1,28PHCsX,,2023-03-26T15:58:33.000000Z,2023-03-26T15:58:33.000000Z,,,
201,1,293FJTE,,2023-03-26T15:58:33.000000Z,2023-03-26T15:58:33.000000Z,,,
202,1,301m9by,,2023-03-26T15:58:34.000000Z,2023-03-26T15:58:34.000000Z,,,
203,1,31ki8p6,,2023-03-26T15:58:34.000000Z,2023-03-26T15:58:34.000000Z,,,
204,1,32gRjd5,,2023-03-26T15:58:34.000000Z,2023-03-26T15:58:34.000000Z,,,
205,1,33Pb8YV,,2023-03-26T15:58:34.000000Z,2023-03-26T15:58:34.000000Z,,,
206,1,34G8v7x,,2023-03-26T15:58:34.000000Z,2023-03-26T15:58:34.000000Z,,,
207,1,35Jhzp2,,2023-03-26T15:58:34.000000Z,2023-03-26T15:58:34.000000Z,,,
208,1,36QFwzl,,2023-03-26T15:58:34.000000Z,2023-03-26T15:58:34.000000Z,,,
209,1,37GSasJ,,2023-03-26T15:58:34.000000Z,2023-03-26T15:58:34.000000Z,,,
210,1,38XQyuv,,2023-03-26T15:58:34.000000Z,2023-03-26T15:58:34.000000Z,,,
211,1,39hnQ5h,,2023-03-26T15:58:34.000000Z,2023-03-26T15:58:34.000000Z,,,
212,1,40mmBxa,,2023-03-26T15:58:34.000000Z,2023-03-26T15:58:34.000000Z,,,
213,1,41Oiz71,,2023-03-26T15:58:34.000000Z,2023-03-26T15:58:34.000000Z,,,
214,1,42WVUsT,,2023-03-26T15:58:34.000000Z,2023-03-26T15:58:34.000000Z,,,
215,1,43878X1,,2023-03-26T15:58:34.000000Z,2023-03-26T15:58:34.000000Z,,,
216,1,44yJgfk,,2023-03-26T15:58:34.000000Z,2023-03-26T15:58:34.000000Z,,,
217,1,45gWxwR,,2023-03-26T15:58:34.000000Z,2023-03-26T15:58:34.000000Z,,,
218,1,465Jsb8,,2023-03-26T15:58:34.000000Z,2023-03-26T15:58:34.000000Z,,,
219,1,47lUIgn,,2023-03-26T15:58:34.000000Z,2023-03-26T15:58:34.000000Z,,,
220,1,48JqGTY,,2023-03-26T15:58:34.000000Z,2023-03-26T15:58:34.000000Z,,,
221,1,49eoCyv,,2023-03-26T15:58:34.000000Z,2023-03-26T15:58:34.000000Z,,,
222,1,5004lOC,,2023-03-26T15:58:34.000000Z,2023-03-26T15:58:34.000000Z,,,
223,1,51cPc9D,,2023-03-26T15:58:34.000000Z,2023-03-26T15:58:34.000000Z,,,
224,1,52cB0if,,2023-03-26T15:58:34.000000Z,2023-03-26T15:58:34.000000Z,,,
225,1,53gVxtb,,2023-03-26T15:58:34.000000Z,2023-03-26T15:58:34.000000Z,,,
226,1,54kJLWf,,2023-03-26T15:58:34.000000Z,2023-03-26T15:58:34.000000Z,,,
227,1,55twImW,,2023-03-26T15:58:34.000000Z,2023-03-26T15:58:34.000000Z,,,
228,1,56xrtZ2,,2023-03-26T15:58:34.000000Z,2023-03-26T15:58:34.000000Z,,,
229,1,57Rkmy6,,2023-03-26T15:58:34.000000Z,2023-03-26T15:58:34.000000Z,,,
230,1,588XYKM,,2023-03-26T15:58:34.000000Z,2023-03-26T15:58:34.000000Z,,,
231,1,59pd3p6,,2023-03-26T15:58:34.000000Z,2023-03-26T15:58:34.000000Z,,,
232,1,60fycRL,,2023-03-26T15:58:34.000000Z,2023-03-26T15:58:34.000000Z,,,
233,1,61Fa4hT,,2023-03-26T15:58:34.000000Z,2023-03-26T15:58:34.000000Z,,,
234,1,62fdMWb,,2023-03-26T15:58:34.000000Z,2023-03-26T15:58:34.000000Z,,,
235,1,632Er0D,,2023-03-26T15:58:34.000000Z,2023-03-26T15:58:34.000000Z,,,
236,1,64d6hPy,,2023-03-26T15:58:34.000000Z,2023-03-26T15:58:34.000000Z,,,
237,1,65bx5kW,,2023-03-26T15:58:34.000000Z,2023-03-26T15:58:34.000000Z,,,
238,1,66Uy0Ip,,2023-03-26T15:58:34.000000Z,2023-03-26T15:58:34.000000Z,,,
239,1,67JYJV5,,2023-03-26T15:58:34.000000Z,2023-03-26T15:58:34.000000Z,,,
240,1,68qvt7P,,2023-03-26T15:58:34.000000Z,2023-03-26T15:58:34.000000Z,,,
241,1,69IrF14,,2023-03-26T15:58:34.000000Z,2023-03-26T15:58:34.000000Z,,,
242,1,707PA6d,,2023-03-26T15:58:34.000000Z,2023-03-26T15:58:34.000000Z,,,
243,1,71l1YZr,,2023-03-26T15:58:34.000000Z,2023-03-26T15:58:34.000000Z,,,
244,1,724UTQZ,,2023-03-26T15:58:34.000000Z,2023-03-26T15:58:34.000000Z,,,
245,1,73MByRp,,2023-03-26T15:58:34.000000Z,2023-03-26T15:58:34.000000Z,,,
246,1,74wtD8Z,,2023-03-26T15:58:34.000000Z,2023-03-26T15:58:34.000000Z,,,
247,1,75qDcik,,2023-03-26T15:58:34.000000Z,2023-03-26T15:58:34.000000Z,,,
248,1,765IvkT,,2023-03-26T15:58:34.000000Z,2023-03-26T15:58:34.000000Z,,,
249,1,77UHBTo,,2023-03-26T15:58:34.000000Z,2023-03-26T15:58:34.000000Z,,,
250,1,788lrTT,,2023-03-26T15:58:34.000000Z,2023-03-26T15:58:34.000000Z,,,
251,1,79wUEAa,,2023-03-26T15:58:34.000000Z,2023-03-26T15:58:34.000000Z,,,
252,1,80IGiYh,,2023-03-26T15:58:34.000000Z,2023-03-26T15:58:34.000000Z,,,
253,1,81A9xMd,,2023-03-26T15:58:34.000000Z,2023-03-26T15:58:34.000000Z,,,
254,1,82MZfWr,,2023-03-26T15:58:34.000000Z,2023-03-26T15:58:34.000000Z,,,
255,1,830xrdK,,2023-03-26T15:58:34.000000Z,2023-03-26T15:58:34.000000Z,,,
256,1,84F0CCJ,,2023-03-26T15:58:34.000000Z,2023-03-26T15:58:34.000000Z,,,
257,1,85fBnEg,,2023-03-26T15:58:34.000000Z,2023-03-26T15:58:34.000000Z,,,
258,1,86mfO2l,,2023-03-26T15:58:34.000000Z,2023-03-26T15:58:34.000000Z,,,
259,1,87P4Twp,,2023-03-26T15:58:34.000000Z,2023-03-26T15:58:34.000000Z,,,
260,1,88bPGEZ,,2023-03-26T15:58:34.000000Z,2023-03-26T15:58:34.000000Z,,,
261,1,89IHTPY,,2023-03-26T15:58:34.000000Z,2023-03-26T15:58:34.000000Z,,,
262,1,90A1FmN,,2023-03-26T15:58:34.000000Z,2023-03-26T15:58:34.000000Z,,,
263,1,91cI8Fe,,2023-03-26T15:58:34.000000Z,2023-03-26T15:58:34.000000Z,,,
264,1,92dQ8b8,,2023-03-26T15:58:34.000000Z,2023-03-26T15:58:34.000000Z,,,
265,1,93AeQfX,,2023-03-26T15:58:34.000000Z,2023-03-26T15:58:34.000000Z,,,
266,1,94oBkvR,,2023-03-26T15:58:34.000000Z,2023-03-26T15:58:34.000000Z,,,
267,1,95tGljz,,2023-03-26T15:58:34.000000Z,2023-03-26T15:58:34.000000Z,,,
268,1,96j8Hhq,,2023-03-26T15:58:34.000000Z,2023-03-26T15:58:34.000000Z,,,
269,1,97TMu8b,,2023-03-26T15:58:34.000000Z,2023-03-26T15:58:34.000000Z,,,
270,1,98OGpoc,,2023-03-26T15:58:34.000000Z,2023-03-26T15:58:34.000000Z,,,
271,1,99z24Xh,,2023-03-26T15:58:34.000000Z,2023-03-26T15:58:34.000000Z,,,
